{
  "version": "v1",
  "host": "https://e2-dogfood.staging.cloud.databricks.com",
  "remote_path": "/Workspace/Users/naim.achahboun@databricks.com/triple-serving-auto",
  "last_modified_times": {
    ".env.example": "2025-10-19T15:43:14.514307738+02:00",
    ".env.example.backup": "2025-10-19T15:43:14.491812112+02:00",
    "app.yaml": "2025-10-19T15:43:14.492167662+02:00",
    "app/__init__.py": "2025-10-19T15:43:14.495728082+02:00",
    "app/blueprints/__init__.py": "2025-10-19T15:43:14.493818827+02:00",
    "app/blueprints/rdf_models.py": "2025-10-19T15:43:14.494627597+02:00",
    "app/blueprints/spa.py": "2025-10-19T15:43:14.495076566+02:00",
    "app/blueprints/telemetry.py": "2025-10-19T15:43:14.494251838+02:00",
    "app/blueprints/triples.py": "2025-10-19T15:43:14.493572155+02:00",
    "app/config.py": "2025-10-19T15:43:14.495541494+02:00",
    "app/db/__init__.py": "2025-10-19T15:43:14.496551518+02:00",
    "app/db/postgres.py": "2025-10-19T15:43:14.497022863+02:00",
    "app/extensions.py": "2025-10-19T15:43:14.496111633+02:00",
    "app/services/__init__.py": "2025-10-19T15:43:14.498831948+02:00",
    "app/services/rdf_models.py": "2025-10-19T15:43:14.499333252+02:00",
    "app/services/triples.py": "2025-10-19T15:43:14.498499649+02:00",
    "app/tmp/migrate_templates.py": "2025-10-19T15:43:14.497705921+02:00",
    "dist/asset-manifest.json": "2025-10-19T15:43:14.500498947+02:00",
    "dist/index.html": "2025-10-19T15:43:14.500209982+02:00",
    "dist/static/css/main.dcb92c29.css": "2025-10-19T15:43:14.502042901+02:00",
    "dist/static/css/main.dcb92c29.css.map": "2025-10-19T15:43:14.50173431+02:00",
    "dist/static/js/main.0c737e9d.js": "2025-10-17T15:02:19.857415564+02:00",
    "dist/static/js/main.0c737e9d.js.LICENSE.txt": "2025-10-17T15:02:19.85589068+02:00",
    "dist/static/js/main.0c737e9d.js.map": "2025-10-17T15:02:19.860887876+02:00",
    "dist/static/js/main.6ac97439.js": "2025-10-19T15:30:55.178672265+02:00",
    "dist/static/js/main.6ac97439.js.LICENSE.txt": "2025-10-19T15:30:55.177752742+02:00",
    "dist/static/js/main.6ac97439.js.map": "2025-10-19T15:30:55.183068497+02:00",
    "dist/static/js/main.8aeaaaa3.js": "2025-10-19T15:43:14.509105113+02:00",
    "dist/static/js/main.8aeaaaa3.js.LICENSE.txt": "2025-10-19T15:43:14.509489247+02:00",
    "dist/static/js/main.8aeaaaa3.js.map": "2025-10-19T15:43:14.504529836+02:00",
    "dist/static/js/main.97ac43e2.js": "2025-10-19T15:19:35.297104654+02:00",
    "dist/static/js/main.97ac43e2.js.LICENSE.txt": "2025-10-19T15:19:35.293918897+02:00",
    "dist/static/js/main.97ac43e2.js.map": "2025-10-19T15:19:35.296170206+02:00",
    "dist/static/js/main.e0d914ea.js": "2025-10-19T15:35:21.76266983+02:00",
    "dist/static/js/main.e0d914ea.js.LICENSE.txt": "2025-10-19T15:35:21.76774191+02:00",
    "dist/static/js/main.e0d914ea.js.map": "2025-10-19T15:35:21.767169313+02:00",
    "dist/static/media/databricks-logo.7bbb3b03b60148b4981a616931f4e917.svg": "2025-10-19T15:43:14.51399944+02:00",
    "requirements.txt": "2025-10-19T15:43:14.499634801+02:00",
    "server.py": "2025-10-19T15:43:14.492553463+02:00"
  },
  "local_to_remote_names": {
    ".env.example": ".env.example",
    ".env.example.backup": ".env.example.backup",
    "app.yaml": "app.yaml",
    "app/__init__.py": "app/__init__.py",
    "app/blueprints/__init__.py": "app/blueprints/__init__.py",
    "app/blueprints/rdf_models.py": "app/blueprints/rdf_models.py",
    "app/blueprints/spa.py": "app/blueprints/spa.py",
    "app/blueprints/telemetry.py": "app/blueprints/telemetry.py",
    "app/blueprints/triples.py": "app/blueprints/triples.py",
    "app/config.py": "app/config.py",
    "app/db/__init__.py": "app/db/__init__.py",
    "app/db/postgres.py": "app/db/postgres.py",
    "app/extensions.py": "app/extensions.py",
    "app/services/__init__.py": "app/services/__init__.py",
    "app/services/rdf_models.py": "app/services/rdf_models.py",
    "app/services/triples.py": "app/services/triples.py",
    "app/tmp/migrate_templates.py": "app/tmp/migrate_templates.py",
    "dist/asset-manifest.json": "dist/asset-manifest.json",
    "dist/index.html": "dist/index.html",
    "dist/static/css/main.dcb92c29.css": "dist/static/css/main.dcb92c29.css",
    "dist/static/css/main.dcb92c29.css.map": "dist/static/css/main.dcb92c29.css.map",
    "dist/static/js/main.0c737e9d.js": "dist/static/js/main.0c737e9d.js",
    "dist/static/js/main.0c737e9d.js.LICENSE.txt": "dist/static/js/main.0c737e9d.js.LICENSE.txt",
    "dist/static/js/main.0c737e9d.js.map": "dist/static/js/main.0c737e9d.js.map",
    "dist/static/js/main.6ac97439.js": "dist/static/js/main.6ac97439.js",
    "dist/static/js/main.6ac97439.js.LICENSE.txt": "dist/static/js/main.6ac97439.js.LICENSE.txt",
    "dist/static/js/main.6ac97439.js.map": "dist/static/js/main.6ac97439.js.map",
    "dist/static/js/main.8aeaaaa3.js": "dist/static/js/main.8aeaaaa3.js",
    "dist/static/js/main.8aeaaaa3.js.LICENSE.txt": "dist/static/js/main.8aeaaaa3.js.LICENSE.txt",
    "dist/static/js/main.8aeaaaa3.js.map": "dist/static/js/main.8aeaaaa3.js.map",
    "dist/static/js/main.97ac43e2.js": "dist/static/js/main.97ac43e2.js",
    "dist/static/js/main.97ac43e2.js.LICENSE.txt": "dist/static/js/main.97ac43e2.js.LICENSE.txt",
    "dist/static/js/main.97ac43e2.js.map": "dist/static/js/main.97ac43e2.js.map",
    "dist/static/js/main.e0d914ea.js": "dist/static/js/main.e0d914ea.js",
    "dist/static/js/main.e0d914ea.js.LICENSE.txt": "dist/static/js/main.e0d914ea.js.LICENSE.txt",
    "dist/static/js/main.e0d914ea.js.map": "dist/static/js/main.e0d914ea.js.map",
    "dist/static/media/databricks-logo.7bbb3b03b60148b4981a616931f4e917.svg": "dist/static/media/databricks-logo.7bbb3b03b60148b4981a616931f4e917.svg",
    "requirements.txt": "requirements.txt",
    "server.py": "server.py"
  },
  "remote_to_local_names": {
    ".env.example": ".env.example",
    ".env.example.backup": ".env.example.backup",
    "app.yaml": "app.yaml",
    "app/__init__.py": "app/__init__.py",
    "app/blueprints/__init__.py": "app/blueprints/__init__.py",
    "app/blueprints/rdf_models.py": "app/blueprints/rdf_models.py",
    "app/blueprints/spa.py": "app/blueprints/spa.py",
    "app/blueprints/telemetry.py": "app/blueprints/telemetry.py",
    "app/blueprints/triples.py": "app/blueprints/triples.py",
    "app/config.py": "app/config.py",
    "app/db/__init__.py": "app/db/__init__.py",
    "app/db/postgres.py": "app/db/postgres.py",
    "app/extensions.py": "app/extensions.py",
    "app/services/__init__.py": "app/services/__init__.py",
    "app/services/rdf_models.py": "app/services/rdf_models.py",
    "app/services/triples.py": "app/services/triples.py",
    "app/tmp/migrate_templates.py": "app/tmp/migrate_templates.py",
    "dist/asset-manifest.json": "dist/asset-manifest.json",
    "dist/index.html": "dist/index.html",
    "dist/static/css/main.dcb92c29.css": "dist/static/css/main.dcb92c29.css",
    "dist/static/css/main.dcb92c29.css.map": "dist/static/css/main.dcb92c29.css.map",
    "dist/static/js/main.0c737e9d.js": "dist/static/js/main.0c737e9d.js",
    "dist/static/js/main.0c737e9d.js.LICENSE.txt": "dist/static/js/main.0c737e9d.js.LICENSE.txt",
    "dist/static/js/main.0c737e9d.js.map": "dist/static/js/main.0c737e9d.js.map",
    "dist/static/js/main.6ac97439.js": "dist/static/js/main.6ac97439.js",
    "dist/static/js/main.6ac97439.js.LICENSE.txt": "dist/static/js/main.6ac97439.js.LICENSE.txt",
    "dist/static/js/main.6ac97439.js.map": "dist/static/js/main.6ac97439.js.map",
    "dist/static/js/main.8aeaaaa3.js": "dist/static/js/main.8aeaaaa3.js",
    "dist/static/js/main.8aeaaaa3.js.LICENSE.txt": "dist/static/js/main.8aeaaaa3.js.LICENSE.txt",
    "dist/static/js/main.8aeaaaa3.js.map": "dist/static/js/main.8aeaaaa3.js.map",
    "dist/static/js/main.97ac43e2.js": "dist/static/js/main.97ac43e2.js",
    "dist/static/js/main.97ac43e2.js.LICENSE.txt": "dist/static/js/main.97ac43e2.js.LICENSE.txt",
    "dist/static/js/main.97ac43e2.js.map": "dist/static/js/main.97ac43e2.js.map",
    "dist/static/js/main.e0d914ea.js": "dist/static/js/main.e0d914ea.js",
    "dist/static/js/main.e0d914ea.js.LICENSE.txt": "dist/static/js/main.e0d914ea.js.LICENSE.txt",
    "dist/static/js/main.e0d914ea.js.map": "dist/static/js/main.e0d914ea.js.map",
    "dist/static/media/databricks-logo.7bbb3b03b60148b4981a616931f4e917.svg": "dist/static/media/databricks-logo.7bbb3b03b60148b4981a616931f4e917.svg",
    "requirements.txt": "requirements.txt",
    "server.py": "server.py"
  }
}